Cell,Drug,Conc,Rep,FRET,Count
E505G,Asc,0,1,0.78711748123169,19698
E505G,Asc,0,2,0.788159966468811,20028
E505G,Asc,0,3,0.784686326980591,20348
E505G,Asc,10,1,0.784846484661102,24109
E505G,Asc,10,2,0.782802402973175,23072
E505G,Asc,10,3,0.788196384906769,23421
E505G,Asc,100,1,0.801774203777313,26810
E505G,Asc,100,2,0.802038192749023,25807
E505G,Asc,100,3,0.801314413547516,26141
E505G,Asc,1000,1,0.840961217880249,32547
E505G,Asc,1000,2,0.833352208137512,30706
E505G,Asc,1000,3,0.835374355316162,32488
F72P,Asc,0,1,0.771374642848969,15181
F72P,Asc,0,2,0.768762648105621,19636
F72P,Asc,0,3,0.764884948730469,15235
F72P,Asc,10,1,0.768810510635376,23028
F72P,Asc,10,2,0.768897294998169,23393
F72P,Asc,10,3,0.764506101608276,20373
F72P,Asc,100,1,0.773042798042297,26919
F72P,Asc,100,2,0.772756457328796,26447
F72P,Asc,100,3,0.770098030567169,26408
F72P,Asc,1000,1,0.774676084518433,26437
F72P,Asc,1000,2,0.771430969238281,27070
F72P,Asc,1000,3,0.77078253030777,26546
M244V,Asc,0,1,0.756389915943146,17066
M244V,Asc,0,2,0.756170213222504,13929
M244V,Asc,0,3,0.76008141040802,16661
M244V,Asc,10,1,0.765166938304901,8676
M244V,Asc,10,2,0.764093101024628,23166
M244V,Asc,10,3,0.764090180397034,12621
M244V,Asc,100,1,0.781019687652588,36891
M244V,Asc,100,2,0.780799388885498,35657
M244V,Asc,100,3,0.776376783847809,36916
M244V,Asc,1000,1,0.794937670230866,40387
M244V,Asc,1000,2,0.790895819664002,39923
M244V,Asc,1000,3,0.793169319629669,16826
P112L,Asc,0,1,0.756692290306091,5142
P112L,Asc,0,2,0.753444254398346,20177
P112L,Asc,0,3,0.754787027835846,19667
P112L,Asc,10,1,0.766215443611145,20974
P112L,Asc,10,2,0.765204429626465,26073
P112L,Asc,10,3,0.762504279613495,24998
P112L,Asc,100,1,0.770240128040314,31123
P112L,Asc,100,2,0.771688401699066,34314
P112L,Asc,100,3,0.774429738521576,24611
P112L,Asc,1000,1,0.780901312828064,31477
P112L,Asc,1000,2,0.779817879199982,37252
P112L,Asc,1000,3,0.78728199005127,16676
V468F,Asc,0,1,0.776892006397247,20371
V468F,Asc,0,2,0.771141946315765,20284
V468F,Asc,0,3,0.770310878753662,21208
V468F,Asc,10,1,0.771522581577301,24732
V468F,Asc,10,2,0.769055128097534,24368
V468F,Asc,10,3,0.775136768817902,11402
V468F,Asc,100,1,0.768373548984528,25799
V468F,Asc,100,2,0.769116640090942,25545
V468F,Asc,100,3,0.775939881801605,24184
V468F,Asc,1000,1,0.791047930717468,41744
V468F,Asc,1000,2,0.788405537605286,47948
V468F,Asc,1000,3,0.789837121963501,31593
V73A,Asc,0,1,0.774133563041687,19664
V73A,Asc,0,2,0.771120965480804,19769
V73A,Asc,0,3,0.769750952720642,23984
V73A,Asc,10,1,0.788807094097138,34062
V73A,Asc,10,2,0.783948421478272,31517
V73A,Asc,10,3,0.790980517864227,35461
V73A,Asc,100,1,0.803974449634552,45070
V73A,Asc,100,2,0.798815667629242,42556
V73A,Asc,100,3,0.801525235176086,42214
V73A,Asc,1000,1,0.819467484951019,44520
V73A,Asc,1000,2,0.812159240245819,44389
V73A,Asc,1000,3,0.812326550483704,45410
V73A Y253H,Asc,0,1,0.765717267990112,19962
V73A Y253H,Asc,0,2,0.768256783485413,19349
V73A Y253H,Asc,0,3,0.761620461940765,20829
V73A Y253H,Asc,10,1,0.767558574676514,27982
V73A Y253H,Asc,10,2,0.764263927936554,26013
V73A Y253H,Asc,10,3,0.764933586120606,26743
V73A Y253H,Asc,100,1,0.781669914722443,38104
V73A Y253H,Asc,100,2,0.779501378536224,32792
V73A Y253H,Asc,100,3,0.786695063114166,38158
V73A Y253H,Asc,1000,1,0.801863968372345,40750
V73A Y253H,Asc,1000,2,0.797272503376007,38652
V73A Y253H,Asc,1000,3,0.796661972999573,42619
WT,Asc,0,1,0.792318165302277,20358
WT,Asc,0,2,0.790720582008362,20060
WT,Asc,0,3,0.787713587284088,19767
WT,Asc,10,1,0.808457911014557,28051
WT,Asc,10,2,0.805546283721924,51836
WT,Asc,10,3,0.807596623897553,54088
WT,Asc,100,1,0.831560671329498,25583
WT,Asc,100,1,0.818204581737518,40765
WT,Asc,100,2,0.818132340908051,41246
WT,Asc,100,3,0.820619523525238,38146
WT,Asc,100,3,0.814969003200531,43295
WT,Asc,100,3,0.818825364112854,40675
WT,Asc,1000,1s,0.826661586761475,26107
WT,Asc,1000,2,0.827320873737335,42526
WT,Asc,1000,3,0.818804740905762,42092
Y139C,Asc,0,1,0.785270810127258,20157
Y139C,Asc,0,2,0.785469472408295,19465
Y139C,Asc,0,3,0.782060563564301,20363
Y139C,Asc,10,1,0.798268735408783,41893
Y139C,Asc,10,2,0.799022555351257,59236
Y139C,Asc,10,3,0.798888504505158,61899
Y139C,Asc,100,1,0.808429956436157,50663
Y139C,Asc,100,2,0.806373178958893,53729
Y139C,Asc,100,3,0.807907521724701,112079
Y139C,Asc,1000,1,0.816523373126984,61229
Y139C,Asc,1000,2,0.810248732566834,59435
Y139C,Asc,1000,3,0.814406633377075,63869
Y253H,Asc,0,1,0.779724955558777,23670
Y253H,Asc,0,2,0.774523317813873,19782
Y253H,Asc,0,3,0.771830797195435,20595
Y253H,Asc,10,1,0.786538898944855,32740
Y253H,Asc,10,2,0.780003786087036,31191
Y253H,Asc,10,3,0.777641415596008,33526
Y253H,Asc,100,1,0.797044336795807,43269
Y253H,Asc,100,2,0.796891093254089,42173
Y253H,Asc,100,2,0.799085795879364,43990
Y253H,Asc,1000,1,0.812923610210419,43997
Y253H,Asc,1000,2,0.811310291290283,42834
Y253H,Asc,1000,3,0.808239042758942,45298
Y342A,Asc,0,1,0.756914556026459,20178
Y342A,Asc,0,2,0.758937537670136,19896
Y342A,Asc,0,3,0.756165623664856,19975
Y342A,Asc,10,1,0.768794894218445,32021
Y342A,Asc,10,2,0.766082346439362,30480
Y342A,Asc,10,3,0.768705606460571,30307
Y342A,Asc,100,1,0.77939647436142,35185
Y342A,Asc,100,2,0.773609638214111,34935
Y342A,Asc,100,3,0.77433305978775,34595
Y342A,Asc,1000,1,0.780496418476105,36807
Y342A,Asc,1000,2,0.771436274051666,36439
Y342A,Asc,1000,3,0.779226243495941,36534
