Rank,sgRNA,Rep,0nM,7.5nM,125nM,1000nM,7.5,125,1000,Rank_Edit
1,BCR2_375,1,0.0373116818144735,0.0379159932823321,0.0300127972875315,0.0254099041220645,101.619630738875,80.4380714778965,68.1017388827748,1 [K294E]
1,BCR2_375,2,0.0369079413221706,0.029834712836034,0.0297063298242308,0.022694515400032,80.8354835497484,80.4876369692996,61.489518480402,1 [K294E]
1,BCR2_375,3,0.0363474763320188,0.0326414336475491,0.0302554259153075,0.0246061883156066,89.8038514404231,83.239412934579,67.6971025191391,1 [K294E]
1,BCR2_375,4,0.0289543906061477,0.030931361446107,0.0209945026569328,0.0184484150733345,106.827879290748,72.5088741894474,63.7154320540853,1 [K294E]
2,BCR2_909,1,0.0369253534223736,0.0315812190461323,0.0285860463461648,0.0181640717082768,85.5271950545415,77.4157691036319,49.1913279759455,2 [E505G]
2,BCR2_909,2,0.0345314396937533,0.0305173225878528,0.0275825897724334,0.0175668919792436,88.3754713342385,79.8767442569823,50.8721678998557,2 [E505G]
2,BCR2_909,3,0.0322659142338405,0.0285412288316449,0.0260401172360922,0.0175395900098616,88.4562843153871,80.7047246433864,54.35950112167,2 [E505G]
2,BCR2_909,4,0.0285649386833608,0.0262030891819093,0.0257320154032755,0.0176340881552294,91.7316486212964,90.0825158020189,61.7333310275976,2 [E505G]
3,BCR2_193,1,0.0321809623161358,0.0291486774668667,0.010114684555953,0.00348742897309065,90.5773953572896,31.4306466555893,10.8369319066075,3 [Y139C]
3,BCR2_193,2,0.0307373591583531,0.0253845799755385,0.0108165161509389,0.00375896782904127,82.5854291670339,35.1901283881099,12.229312901202,3 [Y139C]
3,BCR2_193,3,0.0312614976522787,0.0244860371673598,0.00987500084394878,0.00318336754032185,78.326500667747,31.5883805497366,10.1830295391808,3 [Y139C]
3,BCR2_193,4,0.0264360006454699,0.0200165385990567,0.00781198511808259,0.00409930748481997,75.7169697016434,29.5505557850758,15.5065342136857,3 [Y139C]
4,BCR2_939,1,0.0361559905389305,0.0297299002816292,0.014555358308468,0.00903067908575179,82.2267619790915,40.2571139429736,24.9769926121319,4 [E138G/Y139C]
4,BCR2_939,2,0.0326521469965135,0.0266941501039934,0.0133879134390181,0.00810879991794907,81.7531236363838,41.0016328802135,24.8338950538686,4 [E138G/Y139C]
4,BCR2_939,3,0.0318657213427726,0.0259647424542663,0.0136481680687812,0.00922639171031987,81.4817344787813,42.830249853662,28.9539709805204,4 [E138G/Y139C]
4,BCR2_939,4,0.0304015535490584,0.0231804669831499,0.0138180054908196,0.00976932096447424,76.2476396008646,45.4516426883309,32.1342820481515,4 [E138G/Y139C]
5,BCRABL_1773,1,0.0347586977387272,0.0315318219191002,0.0236450393095204,0.0184587544780105,90.7163500661542,68.0262519823225,53.1054259188895,5 [T243A/M244V]
5,BCRABL_1773,2,0.0298644283778357,0.0312770041659289,0.0225450653976164,0.0171931944562327,104.729960909419,75.4913675640567,57.5708138080181,5 [T243A/M244V]
5,BCRABL_1773,3,0.0311130271080825,0.0275114534139383,0.0209119382622883,0.0165068214723257,88.4242260271467,67.2128050724316,53.054373060465,5 [T243A/M244V]
5,BCRABL_1773,4,0.028035984364877,0.026859859164387,0.0185809185465128,0.0157890580759451,95.8049441561131,66.2752493534369,56.3171168540291,5 [T243A/M244V]
AAVS1,AAVS1,1,0.0319288028265949,0.0166752014775313,-0.00978012508539408,-0.0106614925345524,52.2262033064447,-30.6310422552009,-33.391457213272,AAVS1
AAVS1,AAVS1,2,0.0323177401195995,0.0171890099188314,-0.0118130238333754,-0.0111194630389669,53.1875367993535,-36.5527533474138,-34.4066849904006,AAVS1
AAVS1,AAVS1,3,0.0307857129056919,0.018081254273771,-0.0135904906919589,-0.0143221197766406,58.7326151229975,-44.1454473820101,-46.521968877299,AAVS1
AAVS1,AAVS1,4,0.0318537130172011,0.0197000529656418,-0.0151965310146632,-0.0132341397334199,61.8453897509647,-47.707251605039,-41.546615699945,AAVS1
AAVS1,AAVS1,5,0.0365426014284866,0.0192883399882066,-0.00976820258141409,-0.0105227445618215,52.7831605693252,-26.7309994350849,-28.7958277475521,AAVS1
AAVS1,AAVS1,6,0.0361396923473734,0.0186004648745922,-0.0112373234359389,-0.0131477501387292,51.4682435473031,-31.0941314273684,-36.3803598889374,AAVS1
AAVS1,AAVS1,7,0.0338247293003678,0.0186791442852159,-0.0110073543997144,-0.0136591849910066,55.2233371015117,-32.5423281350391,-40.3822448058973,AAVS1
AAVS1,AAVS1,8,0.0304352760594992,0.0189854936304362,-0.00978426627813136,-0.0198800390921155,62.3798962536783,-32.1477822609648,-65.3190694023973,AAVS1
AAVS1,AAVS1,9,0.040708479912146,0.0178657017697415,-0.00338966742979009,-0.00374875863393105,43.8869292302192,-8.32668632458254,-9.20879050758304,AAVS1
AAVS1,AAVS1,10,0.0400383417260833,0.0188071257755297,-0.0070692375182838,-0.00731383154217687,46.9727889936002,-17.656169595252,-18.2670690814655,AAVS1
AAVS1,AAVS1,11,0.0391905743879845,0.0169010233604916,-0.00558370275147772,-0.0060648609454261,43.1252249410086,-14.2475654890877,-15.4753050705109,AAVS1
AAVS1,AAVS1,12,0.0401804115466978,0.017162109405032,-0.00837819002973797,-0.00750632499445221,42.7126272340096,-20.8514291099304,-18.6815532880452,AAVS1
