,Info,X0,r,Cell,Rep,Asc,Date
0,G130E_5_1000,6.97256297932105,0.0299526272307084,G130E,5,1000,241117
1,G130E_5_125,6.74462109355999,0.0352813251321601,G130E,5,125,241117
2,G130E_6_1000,3.74,0.026448628522689,G130E,6,1000,241117
3,G130E_6_125,3.74,0.0361815778326036,G130E,6,125,241117
4,G130E_7_1000,3.43661091586958,0.0324601125884522,G130E,7,1000,241117
5,G130E_7_125,3.55666666666389,0.0355704262974633,G130E,7,125,241117
6,G130E_8_1000,1.39333333333333,0.0315945864174678,G130E,8,1000,241117
7,G130E_8_125,1.39333333333333,0.0367406353847388,G130E,8,125,241117
9,V468F_1_10,2.29930115619907,0.0373543296857354,V468F,1,10,241117
10,V468F_1_100,2.45666666666663,0.0371957778878723,V468F,1,100,241117
11,V468F_1_1000,2.45666666666667,0.0363956140611203,V468F,1,1000,241117
13,V468F_2_10,1.54,0.0344362909541941,V468F,2,10,241117
14,V468F_2_100,1.2883125789177,0.0367774797981052,V468F,2,100,241117
15,V468F_2_1000,1.26,0.0361896776413617,V468F,2,1000,241117
17,V468F_3_10,1.03926882318434,0.038054619009086,V468F,3,10,241117
18,V468F_3_100,0.9,0.0397861993552099,V468F,3,100,241117
19,V468F_3_1000,1.09999999999916,0.0351755103551363,V468F,3,1000,241117
21,V468F_4_10,0.833640550099414,0.0413437841137804,V468F,4,10,241117
22,V468F_4_100,0.850761186842633,0.0390839085920375,V468F,4,100,241117
23,V468F_4_1000,0.953333333333301,0.035468885488989,V468F,4,1000,241117
24,V468F_5_1000,2.33658682667549,0.0360163085508386,V468F,5,1000,241117
25,V468F_5_125,2.01,0.0401435811929223,V468F,5,125,241117
26,V468F_6_1000,1.33894401981178,0.0324627394209632,V468F,6,1000,241117
27,V468F_6_125,1.26,0.0400824198582213,V468F,6,125,241117
28,V468F_7_1000,1.02293823991698,0.0342944732634061,V468F,7,1000,241117
29,V468F_7_125,1.1,0.0382991518093587,V468F,7,125,241117
30,V468F_8_1000,0.929898139804187,0.0373992008239899,V468F,8,1000,241117
31,V468F_8_125,0.78,0.0411094558567273,V468F,8,125,241117
32,V73A_1_0,7.71118380270304,0.0452972388273562,V73A,1,0,241117
33,V73A_1_10,8.57560923453347,0.0388097912542381,V73A,1,10,241117
34,V73A_1_100,8.96499999999998,0.0281471297596139,V73A,1,100,241117
35,V73A_1_1000,8.965,0.0189246051591935,V73A,1,1000,241117
36,V73A_2_0,5.88733013247327,0.0407194384417789,V73A,2,0,241117
37,V73A_2_10,5.76,0.0389027719402629,V73A,2,10,241117
38,V73A_2_100,7.04,0.026007428165455,V73A,2,100,241117
39,V73A_2_1000,7.03999999999982,0.0147550681138728,V73A,2,1000,241117
40,V73A_3_0,4.78745793050196,0.0393475878787977,V73A,3,0,241117
41,V73A_3_10,5.05999999999999,0.0373455505066764,V73A,3,10,241117
42,V73A_3_100,5.06,0.0247373914950633,V73A,3,100,241117
43,V73A_3_1000,5.05999999999999,0.0141056292992287,V73A,3,1000,241117
44,V73A_4_0,2.145,0.0385611113587623,V73A,4,0,241117
45,V73A_4_10,2.09689094823922,0.0399745882690712,V73A,4,10,241117
46,V73A_4_100,2.145,0.0276694917341526,V73A,4,100,241117
47,V73A_4_1000,2.14499999999998,0.0154559809184251,V73A,4,1000,241117
48,VAYH_1_0,12.2833333333333,0.0373037493288328,V73A Y253H,1,0,241117
49,VAYH_1_10,11.8614619832732,0.0366720461106126,V73A Y253H,1,10,241117
50,VAYH_1_100,10.05,0.0359187262118389,V73A Y253H,1,100,241117
51,VAYH_1_1000,11.6161641709426,0.0321960116417451,V73A Y253H,1,1000,241117
52,VAYH_2_0,9.20333333333333,0.0378102926637372,V73A Y253H,2,0,241117
53,VAYH_2_10,9.20333333333333,0.0385300577637473,V73A Y253H,2,10,241117
54,VAYH_2_100,8.94110666383639,0.035168063626548,V73A Y253H,2,100,241117
55,VAYH_2_1000,9.2033333333333,0.0332527705933548,V73A Y253H,2,1000,241117
56,VAYH_3_0,5.54613328732756,0.0387404753257798,V73A Y253H,3,0,241117
57,VAYH_3_10,5.8299999999994,0.0353159710916277,V73A Y253H,3,10,241117
58,VAYH_3_100,4.87096258471891,0.0369634468216607,V73A Y253H,3,100,241117
59,VAYH_3_1000,5.39389594073821,0.0332690075330587,V73A Y253H,3,1000,241117
60,VAYH_4_0,3.45421373557677,0.0402141570334296,V73A Y253H,4,0,241117
61,VAYH_4_10,4.10666666666667,0.0380290545601634,V73A Y253H,4,10,241117
62,VAYH_4_100,3.78539502361293,0.0367729782876745,V73A Y253H,4,100,241117
63,VAYH_4_1000,3.53488023429227,0.0338708625649212,V73A Y253H,4,1000,241117
64,WT_1_0,13.0166666666667,0.0377106202492363,WT,1,0,241117
65,WT_1_10,11.2829061381054,0.037675186663044,WT,1,10,241117
66,WT_1_100,13.0166666666667,0.0179317083745811,WT,1,100,241117
67,WT_1_1000,13.0166666666667,0.00950320168240546,WT,1,1000,241117
68,WT_2_0,9.13,0.0373508690571908,WT,2,0,241117
69,WT_2_10,9.1215148863451,0.0339692351566176,WT,2,10,241117
70,WT_2_100,9.13,0.0159888684816423,WT,2,100,241117
71,WT_2_1000,9.13,0.00668169432570276,WT,2,1000,241117
72,WT_3_0,9.505271858037,0.0354259340912905,WT,3,0,241117
73,WT_3_10,8.91530576063233,0.0351789836954263,WT,3,10,241117
74,WT_3_100,10.285,0.0155565046366084,WT,3,100,241117
75,WT_3_1000,10.2849999999999,0.00515421548405178,WT,3,1000,241117
76,WT_4_0,5.16999999999999,0.0379528156956997,WT,4,0,241117
77,WT_4_10,4.23,0.0378701588107375,WT,4,10,241117
78,WT_4_100,5.16999999999963,0.0180586958370751,WT,4,100,241117
79,WT_4_1000,5.16999999999992,0.00478436307282679,WT,4,1000,241117
80,WT_5_1000,13.0166666666662,0.0054221131620079,WT,5,1000,241117
81,WT_5_125,13.0166666666666,0.0147758398023169,WT,5,125,241117
82,WT_6_1000,9.13,0.00743450450709701,WT,6,1000,241117
83,WT_6_125,9.12999999999996,0.0147383963177657,WT,6,125,241117
84,WT_7_1000,10.285,0.00440400902090977,WT,7,1000,241117
85,WT_7_125,10.285,0.0134500580999553,WT,7,125,241117
86,WT_8_1000,5.17,0.00689535983297594,WT,8,1000,241117
87,WT_8_125,5.17,0.0126709410431297,WT,8,125,241117
88,Y253H_1_0,7.095,0.0392894198928033,Y253H,1,0,241117
89,Y253H_1_10,7.095,0.0371508055884522,Y253H,1,10,241117
90,Y253H_1_100,7.09499999999926,0.0296540485002044,Y253H,1,100,241117
91,Y253H_1_1000,7.09499999999999,0.0205573851605647,Y253H,1,1000,241117
92,Y253H_2_0,4.73,0.03914508853007,Y253H,2,0,241117
93,Y253H_2_10,4.08251667843613,0.0396592741310937,Y253H,2,10,241117
94,Y253H_2_100,4.72999999999242,0.0306968567194026,Y253H,2,100,241117
95,Y253H_2_1000,4.73,0.0182184307346685,Y253H,2,1000,241117
96,Y253H_3_0,5.4107646117021,0.0383594734220091,Y253H,3,0,241117
97,Y253H_3_10,4.59147290549005,0.0390605527698252,Y253H,3,10,241117
98,Y253H_3_100,5.60999999999978,0.0292911923303438,Y253H,3,100,241117
99,Y253H_3_1000,5.61,0.0210321445325851,Y253H,3,1000,241117
100,Y253H_4_0,1.61555281873199,0.0379941687680462,Y253H,4,0,241117
101,Y253H_4_10,1.59830271261435,0.0358816666596638,Y253H,4,10,241117
102,Y253H_4_100,1.41,0.0318012761875265,Y253H,4,100,241117
103,Y253H_4_1000,1.68450234272432,0.0188095738470453,Y253H,4,1000,241117
104,pU_1_0,2.42,0.0346908698046018,pU,1,0,241117
105,pU_1_10,2.42,0.024604528252169,pU,1,10,241117
106,pU_1_100,2.42,0.00992755708089259,pU,1,100,241117
107,pU_1_1000,2.42,0.000299887939522547,pU,1,1000,241117
108,pU_2_0,1.485,0.0368953653013933,pU,2,0,241117
109,pU_2_10,1.215,0.0284987942276004,pU,2,10,241117
110,pU_2_100,1.485,0.00408425907246185,pU,2,100,241117
111,pU_2_1000,1.485,0.00726767229119488,pU,2,1000,241117
112,pU_3_0,0.292500000000007,0.0366869695227606,pU,3,0,241117
113,pU_3_10,0.357499999999997,0.0197209645049342,pU,3,10,241117
114,pU_3_100,0.2925,-0.0112414400728534,pU,3,100,241117
115,pU_3_1000,0.3575,-0.00362904554282284,pU,3,1000,241117
,D325G_1_125,19.9319999999669,0.0280664741050829,D325G,1,125,241028
,D325G_1_1uM,17.5989254504209,0.0258225662692328,D325G,1,1000,241028
,D325G_2_125,16.72,0.0278030840165211,D325G,2,125,241028
,D325G_2_1uM,16.72,0.0241202383659646,D325G,2,1000,241028
,D325G_3_125,10.3839999999849,0.0297030271572237,D325G,3,125,241028
,D325G_3_1uM,9.10461258314622,0.0250040838910456,D325G,3,1000,241028
,D325G_4_125,5.238,0.0290486597588199,D325G,4,125,241028
,D325G_4_1uM,5.238,0.024650738933475,D325G,4,1000,241028
,D381A_1_0,24.5520000003484,0.0401840399952409,D381A,1,0,241028
,D381A_1_125,30.008,-0.0020314155943435,D381A,1,125,241028
,D381A_1_1uM,30.0079999999995,-0.00183484710190999,D381A,1,1000,241028
,D381A_2_0,24.4260000015639,0.0364158196212334,D381A,2,0,241028
,D381A_2_125,29.854,-0.000936395941505681,D381A,2,125,241028
,D381A_2_1uM,29.854,-0.00150836349099816,D381A,2,1000,241028
,D381A_3_0,26.424,0.0390654447385887,D381A,3,0,241028
,D381A_3_125,32.2959999999998,-0.00188245096507113,D381A,3,125,241028
,D381A_3_1uM,32.2959999999993,-0.00232670929630076,D381A,3,1000,241028
,D381A_4_0,14.6160000001113,0.0389620150679632,D381A,4,0,241028
,D381A_4_125,17.864,-0.00114237479299989,D381A,4,125,241028
,D381A_4_1uM,17.864,-0.0019582190518067,D381A,4,1000,241028
,E505G_1_125,45.936,0.03195627943445,E505G,1,125,241028
,E505G_1_1uM,45.936,0.0308412205224344,E505G,1,1000,241028
,E505G_2_125,32.544,0.0340169195942524,E505G,2,125,241028
,E505G_2_1uM,32.5440000000519,0.0328114006866313,E505G,2,1000,241028
,E505G_3_125,22.9509885535785,0.0337290612120095,E505G,3,125,241028
,E505G_3_1uM,19.0800000000002,0.0367970539971747,E505G,3,1uM,241028
,E505G_4_125,18.6300000018009,0.0363178085177149,E505G,4,125,241028
,E505G_4_1uM,18.630000000154,0.03570082152753,E505G,4,1uM,241028
,F72P_1_125,21.692,0.0344798162878043,F72P,1,125,241028
,F72P_1_1uM,17.748,0.036499290320212,F72P,1,1uM,241028
,F72P_2_125,16.8889154452443,0.0357483175699819,F72P,2,125,241028
,F72P_2_1uM,15.1380000002244,0.0369549259768078,F72P,2,1uM,241028
,F72P_3_125,14.0505202495877,0.0365695285755783,F72P,3,125,241028
,F72P_3_1uM,13.752,0.0365080314069602,F72P,3,1uM,241028
,F72P_4_125,8.96400000000004,0.0372735816271235,F72P,4,125,241028
,F72P_4_1uM,8.964,0.035992287017554,F72P,4,1uM,241028
,G130E_1_125,2.15599999999999,0.0320374767142618,G130E,1,125,241028
,G130E_1_1uM,1.77010349943871,0.0294600345426196,G130E,1,1uM,241028
,G130E_2_125,1.78199999999997,0.0340676355889293,G130E,2,125,241028
,G130E_2_1uM,1.45800000000001,0.0319054068921477,G130E,2,1uM,241028
,G130E_3_125,1.701,0.0342440929375034,G130E,3,125,241028
,G130E_3_1uM,1.8774069177574,0.0295364430513368,G130E,3,1uM,241028
,G130E_4_125,1.50523984309315,0.0323264401876625,G130E,4,125,241028
,G130E_4_1uM,1.305,0.0293382444808758,G130E,4,1uM,241028
,G76R_1_125,17.262,0.0297393004832756,G76R,1,125,241028
,G76R_1_1uM,17.262,0.0230251137322929,G76R,1,1uM,241028
,G76R_2_125,13.608,0.033674890102994,G76R,2,125,241028
,G76R_2_1uM,13.6080000000002,0.0237118042187204,G76R,2,1uM,241028
,G76R_3_125,17.784,0.029861716796629,G76R,3,125,241028
,G76R_3_1uM,17.7840000000004,0.0221599055332463,G76R,3,1uM,241028
,G76R_4_125,9.558,0.0294788010843113,G76R,4,125,241028
,G76R_4_1uM,10.7762894285575,0.0218637419184665,G76R,4,1uM,241028
,H375A_1_125,30.393,0.0259344437667039,H375A,1,125,241028
,H375A_1_1uM,30.393,0.00491592776249382,H375A,1,1uM,241028
,H375A_2_125,24.7829999999998,0.0254863059594315,H375A,2,125,241028
,H375A_2_1uM,24.783,0.00503369568462534,H375A,2,1uM,241028
,H375A_3_125,18.6119999999979,0.0236590043491085,H375A,3,125,241028
,H375A_3_1uM,18.6119999999982,0.00238497903553207,H375A,3,1uM,241028
,H375A_4_125,12.078,0.0253417632252506,H375A,4,125,241028
,H375A_4_1uM,14.762,0.00356930073588965,H375A,4,1uM,241028
,H375F_1_125,21.084,0.0331670938895203,H375F,1,125,241028
,H375F_1_1uM,25.7693333333332,0.024035048119331,H375F,1,1uM,241028
,H375F_2_125,26.298,0.0281204678830311,H375F,2,125,241028
,H375F_2_1uM,26.2980000000002,0.0223809984933309,H375F,2,1uM,241028
,H375F_3_125,13.248,0.0311723006814029,H375F,3,125,241028
,H375F_3_1uM,13.2480000000007,0.0242367210974988,H375F,3,1uM,241028
,H375F_4_125,8.226,0.0297063390973118,H375F,4,125,241028
,H375F_4_1uM,8.226,0.0244922228189067,H375F,4,1uM,241028
,I502L_1_125,2.53,0.0348582169855915,I502L,1,125,241028
,I502L_1_1uM,2.53,0.0309611979696968,I502L,1,1uM,241028
,I502L_2_125,2.134,0.0342882677101683,I502L,2,125,241028
,I502L_2_1uM,1.746,0.031755631243374,I502L,2,1uM,241028
,I502L_3_125,1.92133333333315,0.033282888225234,I502L,3,125,241028
,I502L_3_1uM,1.68411138350672,0.0297724492571282,I502L,3,1uM,241028
,I502L_4_125,1.188,0.0323889398111185,I502L,4,125,241028
,I502L_4_1uM,0.972,0.0285787296507872,I502L,4,1uM,241028
,M244V_1_125,27.5760000000001,0.0342709837274767,M244V,1,125,241028
,M244V_1_1uM,27.576000000153,0.0335632593636717,M244V,1,1uM,241028
,M244V_2_125,22.7880000000008,0.0364480565129005,M244V,2,125,241028
,M244V_2_1uM,22.788,0.0340721179815224,M244V,2,1uM,241028
,M244V_3_125,18.612,0.0346263375700658,M244V,3,125,241028
,M244V_3_1uM,18.6120000000249,0.0323766773240441,M244V,3,1uM,241028
,M244V_4_125,11.8260000000078,0.0357459040149846,M244V,4,125,241028
,M244V_4_1uM,11.8260000000812,0.0349517890688358,M244V,4,1uM,241028
,WT_1_0,37.9466820706018,0.0403433049138262,WT,1,0,241028
,WT_1_125,33.426,0.0196776848944006,WT,1,125,241028
,WT_1_1uM,40.853999999998,0.00721946703730291,WT,1,1uM,241028
,WT_2_0,41.6899999999989,0.0376775898538833,WT,2,0,241028
,WT_2_125,34.11,0.0190034005247675,WT,2,125,241028
,WT_2_1uM,41.69,0.00749942274994974,WT,2,1uM,241028
,WT_3_0,21.296,0.0372750743586789,WT,3,0,241028
,WT_3_125,17.424,0.0175642959288554,WT,3,125,241028
,WT_3_1uM,21.296,0.00535248134061037,WT,3,1uM,241028
,WT_4_0,18.4359999999999,0.0384453630686344,WT,4,0,241028
,WT_4_125,15.084,0.0159172962833249,WT,4,125,241028
,WT_4_1uM,18.4359999999725,0.00345872301612436,WT,4,1uM,241028
,Y139C_1_125,43.648,0.0296954029215865,Y139C,1,125,241028
,Y139C_1_1uM,35.712000000094,0.0323521678165179,Y139C,1,1uM,241028
,Y139C_2_125,38.2320000000004,0.0317281664401757,Y139C,2,125,241028
,Y139C_2_1uM,38.2320000000378,0.0313416609629938,Y139C,2,1uM,241028
,Y139C_3_125,22.1940000000003,0.0336652496307905,Y139C,3,125,241028
,Y139C_3_1uM,22.1940000000526,0.0306110186856601,Y139C,3,1uM,241028
,Y139C_4_125,12.1858052093484,0.0281948734522046,Y139C,4,125,241028
,Y139C_4_1uM,10.386,0.0301205429033823,Y139C,4,1uM,241028
,Y139F_1_125,32.5379999999936,0.0238053594550772,Y139F,1,125,241028
,Y139F_1_1uM,27.8990603665857,0.0201994152506915,Y139F,1,1uM,241028
,Y139F_2_125,28.2549008754622,0.0238017678473677,Y139F,2,125,241028
,Y139F_2_1uM,25.182,0.0194608595255622,Y139F,2,1uM,241028
,Y139F_3_125,19.8540000000004,0.0231326503984786,Y139F,3,125,241028
,Y139F_3_1uM,19.854,0.0169209013517398,Y139F,3,1uM,241028
,Y139F_4_125,9.81000000000014,0.022851908693583,Y139F,4,125,241028
,Y139F_4_1uM,9.81,0.0161531720803052,Y139F,4,1uM,241028
,Y139H_1_125,2.92829900750202,0.0333652366418334,Y139H,1,125,241028
,Y139H_1_1uM,2.63218439344196,0.0302585930829985,Y139H,1,1uM,241028
,Y139H_2_125,1.99568146159707,0.0316050419729687,Y139H,2,125,241028
,Y139H_2_1uM,1.79359759504921,0.0297760666464188,Y139H,2,1uM,241028
,Y139H_3_125,1.50210682149864,0.0321694518277113,Y139H,3,125,241028
,Y139H_3_1uM,1.51514612058545,0.0290706712388143,Y139H,3,1uM,241028
,Y139H_4_125,0.324,0.0306547679824445,Y139H,4,125,241028
,Y139H_4_1uM,0.373465562125288,0.0237603431239034,Y139H,4,1uM,241028
,Y257A_1_125,18.216,-0.00135884705786432,Y257A,1,125,241028
,Y257A_1_1uM,18.216,-0.00409274596095794,Y257A,1,1uM,241028
,Y257A_2_125,13.5299999999999,-0.00205050835040805,Y257A,2,125,241028
,Y257A_2_1uM,13.53,-0.0048058426832231,Y257A,2,1uM,241028
,Y257A_3_125,13.09,-0.000216469448386337,Y257A,3,125,241028
,Y257A_3_1uM,13.09,-0.00204451372391368,Y257A,3,1uM,241028
,Y257A_4_125,6.204,-0.000405382228950744,Y257A,4,125,241028
,Y257A_4_1uM,6.204,-0.00206839906323473,Y257A,4,1uM,241028
,Y257F_1_125,42.8059567282057,0.0127667118930818,Y257F,1,125,241028
,Y257F_1_1uM,46.772,0.00208718227947653,Y257F,1,1uM,241028
,Y257F_2_125,29.9762756537404,0.0129329756582013,Y257F,2,125,241028
,Y257F_2_1uM,35.706,0.00163306602296689,Y257F,2,1uM,241028
,Y257F_3_125,27.0454751721108,0.0120222378984817,Y257F,3,125,241028
,Y257F_3_1uM,29.7879999999906,0.00288049738586156,Y257F,3,1uM,241028
,Y257F_4_125,21.164,0.00899052317101443,Y257F,4,125,241028
,Y257F_4_1uM,21.164,0.00050766165368094,Y257F,4,1uM,241028
,Y312A_1_125,27.522,0.000215964349166607,Y312A,1,125,241028
,Y312A_1_1uM,27.522,-0.00163432421963338,Y312A,1,1uM,241028
,Y312A_2_125,33.396,-0.000637831351031284,Y312A,2,125,241028
,Y312A_2_1uM,33.396,-0.0029694956197976,Y312A,2,1uM,241028
,Y312A_3_125,15.7739999999996,0.00114864294397008,Y312A,3,125,241028
,Y312A_3_1uM,15.774,-0.00148915240905973,Y312A,3,1uM,241028
,Y312A_4_125,15.18,0.000974591217602589,Y312A,4,125,241028
,Y312A_4_1uM,15.18,-0.00139282083429364,Y312A,4,1uM,241028
,Y312F_1_125,8.55,0.016372434444505,Y312F,1,125,241028
,Y312F_1_1uM,10.45,0.00227131348047736,Y312F,1,1uM,241028
,Y312F_2_125,6.93,0.0169488220816669,Y312F,2,125,241028
,Y312F_2_1uM,8.47,0.00271577075576562,Y312F,2,1uM,241028
,Y312F_3_125,6.952,0.0115484236459884,Y312F,3,125,241028
,Y312F_3_1uM,6.95199999999572,0.00216971897089786,Y312F,3,1uM,241028
,Y312F_4_125,2.826,0.014646658097751,Y312F,4,125,241028
,Y312F_4_1uM,3.454,0.00399789073595733,Y312F,4,1uM,241028
,Y342A_1_125,3.084,0.0374590743597021,Y342A,1,125,241028
,Y342A_1_1uM,3.76933333333333,0.0338818539560888,Y342A,1,1uM,241028
,Y342A_2_125,4.2,0.0345272232607477,Y342A,2,125,241028
,Y342A_2_1uM,5.13333333333333,0.0320222322215753,Y342A,2,1uM,241028
,Y342A_3_125,2.916,0.0354608878526329,Y342A,3,125,241028
,Y342A_3_1uM,3.30760354933031,0.0325674568503021,Y342A,3,1uM,241028
,Y342A_4_125,2.112,0.0321999063320366,Y342A,4,125,241028
,Y342A_4_1uM,2.31275385621167,0.0315778823056501,Y342A,4,1uM,241028
,Y342F_1_125,5.364,0.0267586621438563,Y342F,1,125,241028
,Y342F_1_1uM,5.36400000000002,0.0184673283113373,Y342F,1,1uM,241028
,Y342F_2_125,5.60707192699609,0.0237470815612457,Y342F,2,125,241028
,Y342F_2_1uM,5.96933333333333,0.0166935320088032,Y342F,2,1uM,241028
,Y342F_3_125,4.788,0.0239301831727502,Y342F,3,125,241028
,Y342F_3_1uM,4.788,0.0151537999771352,Y342F,3,1uM,241028
,Y342F_4_125,2.18400000000001,0.0217236666201585,Y342F,4,125,241028
,Y342F_4_1uM,2.184,0.0131361753193065,Y342F,4,1uM,241028
,YAHA_1_125,3.608,0.0363456390910918,Y342A H375A,1,125,241028
,YAHA_1_1uM,3.37043550308932,0.0364125602491701,Y342A H375A,1,1uM,241028
,YAHA_2_125,3.08133242994239,0.0361835695566514,Y342A H375A,2,125,241028
,YAHA_2_1uM,2.862,0.0380669572184319,Y342A H375A,2,1uM,241028
,YAHA_3_125,2.365,0.034167463153472,Y342A H375A,3,125,241028
,YAHA_3_1uM,2.36499999999999,0.0337146830802257,Y342A H375A,3,1uM,241028
,YAHA_4_125,1.251,0.0384609567877408,Y342A H375A,4,125,241028
,YAHA_4_1uM,1.43873427473403,0.0356163776949222,Y342A H375A,4,1uM,241028
,YAYA_1_125,42.086,-0.00298531154893196,Y257A Y312A,1,125,241028
,YAYA_1_1uM,42.086,-0.0050057770980208,Y257A Y312A,1,1uM,241028
,YAYA_2_125,28.93,-0.00117935342094439,Y257A Y312A,2,125,241028
,YAYA_2_1uM,28.93,-0.00318565932805567,Y257A Y312A,2,1uM,241028
,YAYA_3_125,33.99,-0.00267159516794522,Y257A Y312A,3,125,241028
,YAYA_3_1uM,33.99,-0.00442752687440505,Y257A Y312A,3,1uM,241028
,YAYA_4_125,22.4619999999999,-0.000870651618685617,Y257A Y312A,4,125,241028
,YAYA_4_1uM,22.462,-0.00159082862449177,Y257A Y312A,4,1uM,241028
,pU_1_0,84.474,0.0414153143199341,EGFP,1,0,241028
,pU_1_125,103.246,-0.000660218258320074,EGFP,1,125,241028
,pU_1_1uM,103.245999999998,-0.00194108760406047,EGFP,1,1uM,241028
,pU_2_0,77.472000001126,0.0420513775658913,EGFP,2,0,241028
,pU_2_125,94.6879999999815,-0.000337063911262788,EGFP,2,125,241028
,pU_2_1uM,94.6879999999999,-0.00205290777759536,EGFP,2,1uM,241028
,pU_3_0,91.9440000000005,0.0421360416865954,EGFP,3,0,241028
,pU_3_125,112.376,0.000703278485367862,EGFP,3,125,241028
,pU_3_1uM,112.375999999999,-0.00191513184526355,EGFP,3,1uM,241028
,pU_4_0,48.9780000016988,0.0416237076784098,EGFP,4,0,241028
,pU_4_125,59.862,-0.00131259635712861,EGFP,4,125,241028
,pU_4_1uM,59.862,-0.00116526856626484,EGFP,4,1uM,241028
,125_C464W_1,1491.59999999954,0.0269898854208167,C464W,1,125,250116
,125_C464W_2,1772.1,0.0276366770843441,C464W,2,125,250116
,125_C464W_3,1696.31311449195,0.0281902814713544,C464W,3,125,250116
,125_C464W_4,1580.69999999882,0.0266907595854089,C464W,4,125,250116
,125_D325G_1,1389.6005975818,0.0272455029332163,D325G,1,125,250116
,125_D325G_2,2036.3754553813,0.0248725085195343,D325G,2,125,250116
,125_D325G_3,1990.80000000003,0.0274007142243383,D325G,3,125,250116
,125_D325G_4,2069.10000000103,0.0273218186146501,D325G,4,125,250116
,125_E292V_1,867.9,0.0309621544557488,E292V,1,125,250116
,125_E292V_2,594,0.0306761270882464,E292V,2,125,250116
,125_E292V_3,702.9,0.0307374381735564,E292V,3,125,250116
,125_E292V_4,504.356968551924,0.0307736916191987,E292V,4,125,250116
,125_F311L_1,477.000000000059,0.0298859028168358,F311L,1,125,250116
,125_F311L_2,455.400000000013,0.0296610922490517,F311L,2,125,250116
,125_F311L_3,534.600000049582,0.0257548399415679,F311L,3,125,250116
,125_F311L_4,716.4,0.0275173937174279,F311L,4,125,250116
,125_F317L_1,243,0.0321487512278841,F317L,1,125,250116
,125_F317L_2,354.199999999999,0.0305418985404054,F317L,2,125,250116
,125_F317L_3,372.6,0.0309638931450698,F317L,3,125,250116
,125_F317L_4,440.068003825047,0.0309937418745446,F317L,4,125,250116
,125_F72P_1,3051.9,0.0331607513666833,F72P,1,125,250116
,125_F72P_2,3839.69094268037,0.0267285853774856,F72P,2,125,250116
,125_F72P_3,2923.20000000001,0.0286559162643425,F72P,3,125,250116
,125_F72P_4,3104.70666596683,0.0292307187116013,F72P,4,125,250116
,125_G76R_1,3033.0000000001,0.0256641618917329,G76R,1,125,250116
,125_G76R_2,2959.20000000001,0.0248926930665839,G76R,2,125,250116
,125_G76R_3,2666.7,0.0238270964137894,G76R,3,125,250116
,125_G76R_4,2966.40000000001,0.0226210883495906,G76R,4,125,250116
,125_I502L_1,1756.0890130537,0.0302848215438376,I502L,1,125,250116
,125_I502L_2,2458.5,0.0272202872588886,I502L,2,125,250116
,125_I502L_3,1527.9,0.0286112798528352,I502L,3,125,250116
,125_I502L_4,1263.9,0.0277324940736386,I502L,4,125,250116
,125_K284E_1,2259.41356919179,0.0342183431366055,K284E,1,125,250116
,125_K284E_2,1944.8,0.0337001903545222,K284E,2,125,250116
,125_K284E_3,1922.59020204984,0.0325356194019838,K284E,3,125,250116
,125_K284E_4,2247.3,0.030162146795899,K284E,4,125,250116
,125_M244T_1,1882.8,0.0241317339517957,M244T,1,125,250116
,125_M244T_2,1999.8,0.0227353399992024,M244T,2,125,250116
,125_M244T_3,1350.9,0.024360938548094,M244T,3,125,250116
,125_M244T_4,1737.9,0.0241563264038752,M244T,4,125,250116
,125_M244V_1,246.6,0.0313960450398946,M244V,1,125,250116
,125_M244V_2,261.9,0.027678751720959,M244V,2,125,250116
,125_M244V_3,279.00000000008,0.0304339634319132,M244V,3,125,250116
,125_M244V_4,195.300000000062,0.0320921662797678,M244V,4,125,250116
,125_M351T_1,1841.40000001143,0.0282913893364272,M351T,1,125,250116
,125_M351T_2,947.7,0.0304134271487699,M351T,2,125,250116
,125_M351T_3,1461.60000000003,0.0287199189130412,M351T,3,125,250116
,125_M351T_4,1449,0.0299931853706002,M351T,4,125,250116
,125_P112L_1,2188.81375407464,0.031418945741887,P112L,1,125,250116
,125_P112L_2,2808.53364987195,0.0273813835023057,P112L,2,125,250116
,125_P112L_3,2754.4,0.0275193188375948,P112L,3,125,250116
,125_P112L_4,2372.7,0.0260144210939364,P112L,4,125,250116
,125_T277A_1,2118.6,0.0262263428808746,T277A,1,125,250116
,125_T277A_2,1663.20000000358,0.0273355019742125,T277A,2,125,250116
,125_T277A_3,2069.1,0.027345752637667,T277A,3,125,250116
,125_T277A_4,1554.30000000005,0.0283294647629849,T277A,4,125,250116
,125_WT_1,2530.8,0.0174556996120629,WT,1,125,250116
,125_WT_2,2360.7,0.017370453118903,WT,2,125,250116
,125_WT_3,2865.60000000187,0.0121718214313837,WT,3,125,250116
,125_WT_4,2410.2,0.015521832417087,WT,4,125,250116
,1uM_C464W_1,1220.40000000019,0.02969542093699,C464W,1,1uM,250116
,1uM_C464W_2,1449.9,0.0273773030153274,C464W,2,1uM,250116
,1uM_C464W_3,1523.7,0.0279198101692484,C464W,3,1uM,250116
,1uM_C464W_4,1293.3,0.0295376138416789,C464W,4,1uM,250116
,1uM_D325G_1,1355.4,0.0223231934975921,D325G,1,1uM,250116
,1uM_D325G_2,1777.5,0.0222591913948752,D325G,2,1uM,250116
,1uM_D325G_3,1990.8,0.021980815356271,D325G,3,1uM,250116
,1uM_D325G_4,2069.1,0.021488994511832,D325G,4,1uM,250116
,1uM_E292V_1,710.100000000027,0.0309409813948691,E292V,1,1uM,250116
,1uM_E292V_2,594.00000000987,0.0295537975467886,E292V,2,1uM,250116
,1uM_E292V_3,575.100000001134,0.0317703023003486,E292V,3,1uM,250116
,1uM_E292V_4,470.700000000282,0.0298827684401362,E292V,4,1uM,250116
,1uM_EA_1,326.7,0.0242001842487945,EA,1,1uM,250116
,1uM_EA_2,434.7,0.0177015035843324,EA,2,1uM,250116
,1uM_EA_3,406.8,0.0245571517054235,EA,3,1uM,250116
,1uM_EA_4,340.2,0.0253545439884675,EA,4,1uM,250116
,1uM_F311L_1,477.000000000385,0.0311277338728925,F311L,1,1uM,250116
,1uM_F311L_2,455.4,0.0295198741759152,F311L,2,1uM,250116
,1uM_F311L_3,534.6,0.0295021182654175,F311L,3,1uM,250116
,1uM_F311L_4,716.400000000686,0.029201302790242,F311L,4,1uM,250116
,1uM_F317L_1,243,0.0281480378412764,F317L,1,1uM,250116
,1uM_F317L_2,289.800000000001,0.0308533495049913,F317L,2,1uM,250116
,1uM_F317L_3,372.600000000036,0.0286556051357783,F317L,3,1uM,250116
,1uM_F317L_4,392.400000000011,0.0288136663817476,F317L,4,1uM,250116
,1uM_F72P_1,3051.9,0.0290705065229613,F72P,1,1uM,250116
,1uM_F72P_2,3528,0.0268821740686033,F72P,2,1uM,250116
,1uM_F72P_3,2923.20000000266,0.029577481183116,F72P,3,1uM,250116
,1uM_F72P_4,3104.1,0.027034798658942,F72P,4,1uM,250116
,1uM_G76R_1,3033,0.0217640113997073,G76R,1,1uM,250116
,1uM_G76R_2,2959.2,0.0211677202570096,G76R,2,1uM,250116
,1uM_G76R_3,2666.7,0.023440548297263,G76R,3,1uM,250116
,1uM_G76R_4,2966.4,0.0215894928089487,G76R,4,1uM,250116
,1uM_I502L_1,1755.9,0.0259795749147474,I502L,1,1uM,250116
,1uM_I502L_2,2011.5,0.0257663519369258,I502L,2,1uM,250116
,1uM_I502L_3,1250.10000000008,0.0256425568004716,I502L,3,1uM,250116
,1uM_I502L_4,1034.10000000755,0.0276617436563924,I502L,4,1uM,250116
,1uM_K284E_1,2048.4,0.0318334781396346,K284E,1,1uM,250116
,1uM_K284E_2,1591.20000000008,0.0322878540489189,K284E,2,1uM,250116
,1uM_K284E_3,1632.6,0.031870132050878,K284E,3,1uM,250116
,1uM_K284E_4,1838.7,0.0317736122312922,K284E,4,1uM,250116
,1uM_M244T_1,1882.8,0.0210397183611338,M244T,1,1uM,250116
,1uM_M244T_2,1999.8,0.0197173393863378,M244T,2,1uM,250116
,1uM_M244T_3,1350.9,0.0213470713953118,M244T,3,1uM,250116
,1uM_M244T_4,1737.9,0.0229699628174141,M244T,4,1uM,250116
,1uM_M244V_1,246.6,0.0306246651062772,M244V,1,1uM,250116
,1uM_M244V_2,261.9,0.0292285523862438,M244V,2,1uM,250116
,1uM_M244V_3,279.000000000001,0.0283873386694899,M244V,3,1uM,250116
,1uM_M244V_4,195.300000000004,0.0286921930362095,M244V,4,1uM,250116
,1uM_M351T_1,1841.40000001233,0.0294603893343496,M351T,1,1uM,250116
,1uM_M351T_2,947.7,0.0308778228534193,M351T,2,1uM,250116
,1uM_M351T_3,1461.6,0.0280175533466479,M351T,3,1uM,250116
,1uM_M351T_4,1449,0.0286758623142118,M351T,4,1uM,250116
,1uM_P112L_1,2144.70000000078,0.0287850241654081,P112L,1,1uM,250116
,1uM_P112L_2,2499.30798080557,0.0289052876962357,P112L,2,1uM,250116
,1uM_P112L_3,2253.60000000003,0.0283674654767833,P112L,3,1uM,250116
,1uM_P112L_4,1941.3,0.0270618964310921,P112L,4,1uM,250116
,1uM_T277A_1,2118.6,0.0252394342873133,T277A,1,1uM,250116
,1uM_T277A_2,1663.2,0.0215071719898808,T277A,2,1uM,250116
,1uM_T277A_3,2069.1,0.0219748504551893,T277A,3,1uM,250116
,1uM_T277A_4,1554.3,0.0228091156305621,T277A,4,1uM,250116
,1uM_WT_1,2530.80000000001,0.00472018064083851,WT,1,1uM,250116
,1uM_WT_2,2360.70000000244,0.00662597713519223,WT,2,1uM,250116
,1uM_WT_3,2865.60000000181,0.00557626674802437,WT,3,1uM,250116
,1uM_WT_4,2410.20000000062,0.00753857924685331,WT,4,1uM,250116
